MatrixID	OrganismID	Initial Value	Lag	Maximum Rate	Final Value
beef	ec	{'A': 0.0, 'Ea': 0.0, 'R': 8.314462618, 'x_in_celsius': 1.0}	{'A': 1.026493543806977e-15, 'Ea': -90203.14725487767, 'R': 8.314462618, 'x_in_celsius': 1.0}	{'A': 202707880727.06348, 'Ea': 68999.96129553797, 'R': 8.314462618, 'x_in_celsius': 1.0}	{'A': 9.0, 'Ea': 0.0, 'R': 8.314462618, 'x_in_celsius': 1.0}
beef	lm	{'A': 0.0, 'Ea': 0.0, 'R': 8.314462618, 'x_in_celsius': 1.0}	{'A': 5.293121491545551e-15, 'Ea': -85791.32948267285, 'R': 8.314462618, 'x_in_celsius': 1.0}	{'A': 92416472452.37396, 'Ea': 67520.7932662963, 'R': 8.314462618, 'x_in_celsius': 1.0}	{'A': 9.0, 'Ea': 0.0, 'R': 8.314462618, 'x_in_celsius': 1.0}
beef	ss	{'A': 0.0, 'Ea': 0.0, 'R': 8.314462618, 'x_in_celsius': 1.0}	{'A': 1.6604721143910774e-14, 'Ea': -84018.28076236378, 'R': 8.314462618, 'x_in_celsius': 1.0}	{'A': 643952921351.8917, 'Ea': 72370.5174826216, 'R': 8.314462618, 'x_in_celsius': 1.0}	{'A': 9.0, 'Ea': 0.0, 'R': 8.314462618, 'x_in_celsius': 1.0}
beef	ta	{'A': 0.0, 'Ea': 0.0, 'R': 8.314462618, 'x_in_celsius': 1.0}	{'A': 4.787719479849276e-17, 'Ea': -96160.08315463875, 'R': 8.314462618, 'x_in_celsius': 1.0}	{'A': 94815463121.26778, 'Ea': 66470.42278929472, 'R': 8.314462618, 'x_in_celsius': 1.0}	{'A': 9.0, 'Ea': 0.0, 'R': 8.314462618, 'x_in_celsius': 1.0}
